emp_id,name,bdate,phone,email,emp_date
6205075,Floyd Pyne,1990-11-03,+92 274 884 4753,fpyne0@shareasale.com,2022-08-31
1935610,Merrill Erskine Sandys,1993-07-24,+48 831 789 6990,merskine1@zdnet.com,2021-12-18
2513734,Marthe Feasby,1990-01-06,+84 213 138 9772,mfeasby2@cdbaby.com,2022-02-06
5015017,Bartie Meek,1996-09-02,+30 816 429 8075,bmeek3@washingtonpost.com,2022-12-26
6492196,Yale Thomelin,1997-09-13,+53 462 257 0368,ythomelin4@163.com,2021-05-23
1000011,Odetta Schirach,1993-01-28,+351 820 736 3406,oschirach5@dion.ne.jp,2020-04-27
5005452,Mellicent Duckett,2000-09-28,+46 861 613 6049,mduckett6@fc2.com,2022-05-23
1217454,Inge Minister,1992-04-16,+63 102 971 3168,iminister7@jigsy.com,2023-07-23
1268892,Englebert Peto,1998-10-20,+47 376 651 9137,epeto8@deliciousdays.com,2022-10-14
7535029,Modesta Hindmore,1991-01-20,+7 393 124 2274,mhindmore9@tinyurl.com,2023-06-27
3556361,Emalee Sollars,1997-07-21,+63 869 254 5598,esollarsa@ted.com,2020-11-11
7773344,Blake Dubique,1990-05-07,+381 405 633 6705,bdubiqueb@vk.com,2022-04-02
7921517,Patrizius Tiernan,1995-10-27,+27 813 150 8071,ptiernanc@seattletimes.com,2022-10-15
9644214,Irving Levee,1992-01-24,+63 981 990 9704,ileveed@gmpg.org,2022-09-27
6700453,Frankie Saenz,1994-03-23,+1 540 880 1211,fsaenze@prlog.org,2020-09-18
3089248,Jamal Ivanikov,1992-01-30,+47 434 701 0158,jivanikovf@delicious.com,2022-03-22
0260321,Lezley Banner,2000-03-16,+86 685 584 0069,lbannerg@geocities.jp,2020-01-29
5920173,Berne Creavin,1992-06-08,+267 358 364 8176,bcreavinh@wufoo.com,2022-09-12
6509156,Chucho Dunan,1990-05-09,+81 623 822 2476,cdunani@examiner.com,2020-02-19
8188287,Camile Seven,1996-11-26,+998 562 959 6855,csevenj@mapy.cz,2021-10-01
0790604,Billie Melross,1993-12-06,+972 653 928 5045,bmelrossk@twitpic.com,2022-02-09
0668203,Zane Sime,1996-10-09,+48 584 171 2162,zsimel@mlb.com,2020-02-16
5679996,Ciro Mayward,1992-06-01,+86 486 198 2961,cmaywardm@webmd.com,2020-04-13
4694265,Gwenette Spon,1993-05-30,+30 133 983 1078,gsponn@npr.org,2023-05-22
8341048,Blinnie Boise,1999-05-21,+1 325 358 5132,bboiseo@phpbb.com,2022-01-03
1234072,Rubin Goldsbrough,1996-05-17,+351 551 516 9204,rgoldsbroughp@shutterfly.com,2023-10-30
5147416,Ethelin Cherrison,1995-02-19,+1 540 321 6808,echerrisonq@topsy.com,2021-07-06
5747326,Homer Priel,1996-12-24,+7 480 845 9131,hprielr@linkedin.com,2021-04-03
7957104,Merrile Gower,1996-12-09,+31 922 357 8389,mgowers@home.pl,2020-12-15
1258599,Hermie Stanney,1998-04-02,+234 630 849 8087,hstanneyt@wikimedia.org,2023-01-12
4290779,Lotty Quiddihy,1993-10-23,+1 814 329 5583,lquiddihyu@narod.ru,2021-12-10
8832487,Roseline McCambridge,1993-03-31,+358 966 335 7097,rmccambridgev@wufoo.com,2022-06-29
0496629,Annora Lopes,1995-06-16,+55 252 327 4223,alopesw@yahoo.com,2020-05-01
3940069,Krispin Holborn,2000-04-22,+45 637 843 4858,kholbornx@apache.org,2022-02-14
6824985,Issy Ivashnikov,1995-01-13,+48 286 152 4623,iivashnikovy@theglobeandmail.com,2022-09-24
1006224,Holli Bubbear,2000-02-08,+420 715 234 6681,hbubbearz@hud.gov,2020-03-26
1197722,Loutitia Longfoot,1998-05-30,+48 160 790 2751,llongfoot10@ning.com,2023-05-26
7177185,Ram Garry,2000-07-22,+81 974 405 7556,rgarry11@businesswire.com,2022-11-12
7532141,Caroline Brister,1994-11-10,+1 713 948 2883,cbrister12@hc360.com,2023-12-24
0127878,Kerby McKeowon,2000-03-29,+63 372 376 9439,kmckeowon13@usda.gov,2022-05-03
6403321,Cornelia Froude,1991-08-13,+66 150 610 2152,cfroude14@wikimedia.org,2022-12-17
7759626,Ofelia Kasparski,1994-03-16,+66 383 266 2753,okasparski15@so-net.ne.jp,2022-07-10
0918855,Birch Cicutto,1991-05-27,+7 658 619 9417,bcicutto16@dyndns.org,2022-12-20
9246260,Mathian Frontczak,2000-04-09,+63 690 206 2674,mfrontczak17@dedecms.com,2023-05-18
0589788,Lydon Stribling,1995-05-24,+46 781 289 5612,lstribling18@diigo.com,2022-09-21
1867905,Karlis Obington,1991-07-19,+380 695 660 2943,kobington19@163.com,2021-12-06
8369749,Donall Stower,1998-03-08,+351 541 268 1321,dstower1a@usda.gov,2022-10-02
5754902,Carita Cornewell,1997-12-14,+216 778 439 1974,ccornewell1b@bloglovin.com,2021-04-17
2000400,Silvio Sperrett,1998-05-15,+33 215 909 9378,ssperrett1c@friendfeed.com,2023-09-22
7458312,Hyacinth Kinnin,2000-07-26,+7 233 277 3448,hkinnin1d@dailymail.co.uk,2023-11-15
