emp_id,name,bdate,phone,email,emp_date
1,Edik Musico,1993-05-04,+688 375 980 5165,emusico0@ocn.ne.jp,2023-05-07
2,Darline Doig,1994-12-29,+33 483 936 5757,ddoig1@fema.gov,2020-08-14
3,Mathe Ridolfo,1993-03-05,+55 387 814 4460,mridolfo2@xing.com,2021-08-28
4,Elsey Ketcher,1994-07-22,+86 490 321 2048,eketcher3@telegraph.co.uk,2020-07-08
5,Stanislaus Beckett,1990-07-25,+47 765 435 8870,sbeckett4@instagram.com,2022-02-28
6,Sharla Kleine,1993-09-11,+57 622 857 7000,skleine5@amazon.co.uk,2022-12-22
7,Allsun Lafferty,1994-11-11,+86 730 312 8809,alafferty6@epa.gov,2023-08-23
8,Derril Neylon,1993-04-27,+62 581 447 7138,dneylon7@pbs.org,2020-06-15
9,Marget O'Noulane,1993-09-02,+62 976 474 2691,monoulane8@istockphoto.com,2020-06-30
10,Veda Bunworth,2000-05-01,+7 292 863 5883,vbunworth9@prnewswire.com,2022-12-14
11,Dianna Glennon,1996-11-02,+236 504 660 1377,dglennona@cdbaby.com,2021-08-13
12,Arleyne Penlington,1996-05-12,+976 409 272 2497,apenlingtonb@nifty.com,2022-04-14
13,Maggee Avey,1992-05-17,+48 460 970 1370,maveyc@4shared.com,2022-10-28
14,Sari Huonic,1995-02-05,+86 301 278 2808,shuonicd@reverbnation.com,2021-08-30
15,Garrik Tulley,1990-01-02,+86 222 567 6482,gtulleye@networksolutions.com,2020-10-18
16,Noelani Gleed,1996-05-21,+86 923 523 4096,ngleedf@forbes.com,2022-12-09
17,Parry Golt,1996-07-08,+63 957 436 5474,pgoltg@usgs.gov,2021-11-17
18,Diane Earp,1997-02-06,+381 339 895 4684,dearph@sbwire.com,2021-02-02
19,Rosabel Mugford,1998-11-24,+62 725 264 1484,rmugfordi@tmall.com,2021-03-12
20,Gerome McIlmorie,1991-07-30,+62 484 294 5532,gmcilmoriej@tumblr.com,2021-06-05
21,Eliot Mosdall,1992-01-03,+81 500 625 3364,emosdallk@noaa.gov,2023-09-23
22,Briana Smewings,1995-10-28,+60 475 144 3804,bsmewingsl@flavors.me,2022-08-01
23,Clotilda Coulling,1996-06-19,+30 814 880 0991,ccoullingm@globo.com,2022-09-26
24,Del Phittiplace,1993-09-06,+7 854 978 8921,dphittiplacen@latimes.com,2020-07-24
25,Evered Lympenie,1991-11-23,+420 705 437 7012,elympenieo@a8.net,2023-01-19
26,Haley Biasetti,1997-10-29,+244 962 406 4075,hbiasettip@disqus.com,2023-02-23
27,Suzann Daal,2000-11-24,+81 484 384 7073,sdaalq@canalblog.com,2021-02-07
28,Ahmed Bowry,1992-03-26,+84 867 923 2460,abowryr@ebay.co.uk,2023-10-31
29,Shamus Pooly,1996-01-04,+66 231 698 5359,spoolys@ow.ly,2021-03-16
30,Romy Alen,1990-04-15,+381 364 896 8514,ralent@mayoclinic.com,2022-03-22
31,Kelcey Tschiersch,1991-01-30,+86 831 307 9829,ktschierschu@people.com.cn,2020-04-26
32,Catina McFadzean,1991-02-23,+380 304 528 5726,cmcfadzeanv@marketwatch.com,2024-02-11
33,Konstance Klaes,1991-11-15,+351 569 880 6759,kklaesw@google.nl,2022-02-20
34,Peyter Ridsdole,1991-11-29,+1 724 360 5555,pridsdolex@ycombinator.com,2023-12-19
35,Juan Norway,1993-09-23,+57 417 144 3784,jnorwayy@jimdo.com,2023-12-04
36,Arlen Warbrick,1997-03-21,+63 468 605 1951,awarbrickz@cargocollective.com,2020-06-02
37,Reilly Kirimaa,1994-09-14,+1 253 579 8364,rkirimaa10@admin.ch,2022-07-08
38,Valdemar Spinnace,1993-05-07,+86 335 286 9805,vspinnace11@google.nl,2022-01-09
39,Valentino Martyntsev,1997-11-24,+63 410 843 4213,vmartyntsev12@businesswire.com,2023-06-28
40,Yuri Matts,1998-08-30,+7 832 181 4745,ymatts13@cyberchimps.com,2020-07-13
41,Lynnea Sackur,1991-12-07,+33 687 888 9341,lsackur14@tamu.edu,2021-06-27
42,Baron Aizkovitch,1996-01-27,+7 748 533 4995,baizkovitch15@sciencedaily.com,2023-06-04
43,Sal Cristobal,1995-06-17,+62 290 412 6243,scristobal16@boston.com,2024-02-14
44,Salomo Goodered,1990-05-27,+46 198 862 3666,sgoodered17@eventbrite.com,2020-08-02
45,Waiter Dodell,2000-07-21,+63 671 522 9919,wdodell18@posterous.com,2020-10-24
46,Ban Nobes,1993-11-06,+420 728 549 2312,bnobes19@mediafire.com,2021-07-06
47,Nanine Kilcoyne,1993-06-04,+33 219 254 3043,nkilcoyne1a@themeforest.net,2023-11-17
48,Vittoria Ellerker,1993-01-02,+967 608 302 7808,vellerker1b@discuz.net,2022-12-08
49,Janet Duerden,1997-08-12,+54 708 960 7230,jduerden1c@dell.com,2022-01-21
50,Wilone Pimm,1990-05-05,+998 469 156 9734,wpimm1d@biglobe.ne.jp,2021-08-10
